"db","query","family","order","kingdom"
"ncbi","Abagrotis","Noctuidae","Lepidoptera","Metazoa"
"ncbi","Acalymma","Chrysomelidae","Coleoptera","Metazoa"
"ncbi","Acanalonia","Acanaloniidae","Hemiptera","Metazoa"
"ncbi","Acenitinae",NA,NA,NA
"ncbi","Achenomorphus","Staphylinidae","Coleoptera","Metazoa"
"ncbi","Achilidae","Achilidae","Hemiptera","Metazoa"
"ncbi","Achyra","Crambidae","Lepidoptera","Metazoa"
"ncbi","Acidota","Staphylinidae","Coleoptera","Metazoa"
"ncbi","Acmaeodera","Buprestidae","Coleoptera","Metazoa"
"ncbi","Acnemia","Mycetophilidae","Diptera","Metazoa"
"ncbi","Acoptus","Curculionidae","Coleoptera","Metazoa"
"ncbi","Acrolophus","Acrolophidae","Lepidoptera","Metazoa"
"ncbi","Acronicta","Noctuidae","Lepidoptera","Metazoa"
"ncbi","Acrosternum","Pentatomidae","Hemiptera","Metazoa"
"ncbi","Aculeata",NA,"Hymenoptera","Metazoa"
"ncbi","Acupalpus","Carabidae","Coleoptera","Metazoa"
"ncbi","Acylomus","Phalacridae","Coleoptera","Metazoa"
"ncbi","Adelphocoris","Miridae","Hemiptera","Metazoa"
"ncbi","Aedes","Culicidae","Diptera","Metazoa"
"ncbi","Aegomorphus","Cerambycidae","Coleoptera","Metazoa"
"ncbi","Aeolus","Elateridae","Coleoptera","Metazoa"
"ncbi","Agallia","Cicadellidae","Hemiptera","Metazoa"
"ncbi","Agalliopsis","Cicadellidae","Hemiptera","Metazoa"
"ncbi","Agapostemon","Halictidae","Hymenoptera","Metazoa"
"ncbi","Agathis","Braconidae","Hymenoptera","Metazoa"
"ncbi","Agelenopsis","Agelenidae","Araneae","Metazoa"
"ncbi","Ageniella","Pompilidae","Hymenoptera","Metazoa"
"ncbi","Agnorisma","Noctuidae","Lepidoptera","Metazoa"
"ncbi","Agonum","Carabidae","Coleoptera","Metazoa"
"ncbi","Agrilus","Buprestidae","Coleoptera","Metazoa"
"ncbi","Agriotes","Elateridae","Coleoptera","Metazoa"
"ncbi","Agromyzidae","Agromyzidae","Diptera","Metazoa"
"ncbi","Agrotis","Noctuidae","Lepidoptera","Metazoa"
"ncbi","Albibarbefferia","Asilidae","Diptera","Metazoa"
"ncbi","Aleiodes","Braconidae","Hymenoptera","Metazoa"
"ncbi","Allantinae","Tenthredinidae","Hymenoptera","Metazoa"
"ncbi","Allocosa","Lycosidae","Araneae","Metazoa"
"ncbi","Allodiopsis","Mycetophilidae","Diptera","Metazoa"
"ncbi","Allograpta","Syrphidae","Diptera","Metazoa"
"ncbi","Allonemobius","Gryllidae","Orthoptera","Metazoa"
"ncbi","Allygus","Cicadellidae","Hemiptera","Metazoa"
"ncbi","Alobates","Tenebrionidae","Coleoptera","Metazoa"
"ncbi","Altica","Chrysomelidae","Coleoptera","Metazoa"
"ncbi","Alydus","Alydidae","Hemiptera","Metazoa"
"ncbi","Amara","Carabidae","Coleoptera","Metazoa"
"ncbi","Amaurobius","Amaurobiidae","Araneae","Metazoa"
"ncbi","Amaurochrous","Pentatomidae","Hemiptera","Metazoa"
"ncbi","Amblyderus",NA,NA,NA
"ncbi","Amblyopone","Formicidae","Hymenoptera","Metazoa"
"ncbi","Amblysellus","Cicadellidae","Hemiptera","Metazoa"
"ncbi","Ambrosiophilus","Curculionidae","Coleoptera","Metazoa"
"ncbi","Ammophila","Sphecidae","Hymenoptera","Metazoa"
"ncbi","Amnestus","Cydnidae","Hemiptera","Metazoa"
"ncbi","Ampedus","Elateridae","Coleoptera","Metazoa"
"ncbi","Amphasia","Carabidae","Coleoptera","Metazoa"
"ncbi","Amphimallon","Scarabaeidae","Coleoptera","Metazoa"
"ncbi","Amphion","Sphingidae","Lepidoptera","Metazoa"
"ncbi","Amphipyra","Noctuidae","Lepidoptera","Metazoa"
"ncbi","Anaedus","Tenebrionidae","Coleoptera","Metazoa"
"ncbi","Anagrapha","Noctuidae","Lepidoptera","Metazoa"
"ncbi","Analeptura","Cerambycidae","Coleoptera","Metazoa"
"ncbi","Anania","Crambidae","Lepidoptera","Metazoa"
"ncbi","Anaspis","Scraptiidae","Coleoptera","Metazoa"
"ncbi","Anatis","Coccinellidae","Coleoptera","Metazoa"
"ncbi","Anax","Aeshnidae","Odonata","Metazoa"
"ncbi","Anchicera",NA,NA,NA
"ncbi","Ancistrocerus","Vespidae","Hymenoptera","Metazoa"
"ncbi","Ancyloxypha","Hesperiidae","Lepidoptera","Metazoa"
"ncbi","Andrena","Andrenidae","Hymenoptera","Metazoa"
"ncbi","Anelaphus","Cerambycidae","Coleoptera","Metazoa"
"ncbi","Anergates","Formicidae","Hymenoptera","Metazoa"
"ncbi","Anisandrus","Curculionidae","Coleoptera","Metazoa"
"ncbi","Anisepyris","Bethylidae","Hymenoptera","Metazoa"
"ncbi","Anisodactylus","Carabidae","Coleoptera","Metazoa"
"ncbi","Anisolabis","Anisolabididae","Dermaptera","Metazoa"
"ncbi","Anisotoma","Leiodidae","Coleoptera","Metazoa"
"ncbi","Anobiidae","Anobiidae","Coleoptera","Metazoa"
"ncbi","Anomala","Scarabaeidae","Coleoptera","Metazoa"
"ncbi","Anoplius","Pompilidae","Hymenoptera","Metazoa"
"ncbi","Anormenis",NA,NA,NA
"ncbi","Anoscopus","Cicadellidae","Hemiptera","Metazoa"
"ncbi","Anotylus","Staphylinidae","Coleoptera","Metazoa"
"ncbi","Anthicus","Anthicidae","Coleoptera","Metazoa"
"ncbi","Anthidium","Megachilidae","Hymenoptera","Metazoa"
"ncbi","Anthocoridae","Anthocoridae","Hemiptera","Metazoa"
"ncbi","Anthomyiidae","Anthomyiidae","Diptera","Metazoa"
"ncbi","Anthonomus","Curculionidae","Coleoptera","Metazoa"
"ncbi","Anthophora","Apidae","Hymenoptera","Metazoa"
"ncbi","Anthribidae","Anthribidae","Coleoptera","Metazoa"
"ncbi","Antillocoris","Rhyparochromidae","Hemiptera","Metazoa"
"ncbi","Anurida","Neanuridae","Poduromorpha","Metazoa"
"ncbi","Apamea","Noctuidae","Lepidoptera","Metazoa"
"ncbi","Apantesis","Erebidae","Lepidoptera","Metazoa"
"ncbi","Apenes","Carabidae","Coleoptera","Metazoa"
"ncbi","Aphaenogaster","Formicidae","Hymenoptera","Metazoa"
"ncbi","Aphididae","Aphididae","Hemiptera","Metazoa"
"ncbi","Aphodius","Scarabaeidae","Coleoptera","Metazoa"
"ncbi","Aphorista","Endomychidae","Coleoptera","Metazoa"
"ncbi","Aphrastus",NA,NA,NA
"ncbi","Aphrodes","Cicadellidae","Hemiptera","Metazoa"
"ncbi","Aphrophora","Aphrophoridae","Hemiptera","Metazoa"
"ncbi","Apion","Apionidae","Coleoptera","Metazoa"
"ncbi","Apis","Apidae","Hymenoptera","Metazoa"
"ncbi","Apogeshna","Crambidae","Lepidoptera","Metazoa"
"ncbi","Aporinellus","Pompilidae","Hymenoptera","Metazoa"
"ncbi","Aporus","Pompilidae","Hymenoptera","Metazoa"
"ncbi","Apristus","Carabidae","Coleoptera","Metazoa"
"ncbi","Apteromechus",NA,NA,NA
"ncbi","Arachnospila","Pompilidae","Hymenoptera","Metazoa"
"ncbi","Araneus","Araneidae","Araneae","Metazoa"
"ncbi","Arboridia","Cicadellidae","Hemiptera","Metazoa"
"ncbi","Argia","Coenagrionidae","Odonata","Metazoa"
"ncbi","Arhyssus","Rhopalidae","Hemiptera","Metazoa"
"ncbi","Ariadna","Segestriidae","Araneae","Metazoa"
"ncbi","Arion","Arionidae","Stylommatophora","Metazoa"
"ncbi","Armadillidium","Armadillidiidae","Isopoda","Metazoa"
"ncbi","Armadilloniscus","Scyphacidae","Isopoda","Metazoa"
"ncbi","Arphia","Acrididae","Orthoptera","Metazoa"
"ncbi","Arrhenodes","Brentidae","Coleoptera","Metazoa"
"ncbi","Arthrolips","Corylophidae","Coleoptera","Metazoa"
"ncbi","Asaphidion","Carabidae","Coleoptera","Metazoa"
"ncbi","Asclera","Oedemeridae","Coleoptera","Metazoa"
"ncbi","Asilidae","Asilidae","Diptera","Metazoa"
"ncbi","Asindulum","Keroplatidae","Diptera","Metazoa"
"ncbi","Astenus","Staphylinidae","Coleoptera","Metazoa"
"ncbi","Astylopsis","Cerambycidae","Coleoptera","Metazoa"
"ncbi","Ataenius","Scarabaeidae","Coleoptera","Metazoa"
"ncbi","Atanycolus","Braconidae","Hymenoptera","Metazoa"
"ncbi","Athetis","Noctuidae","Lepidoptera","Metazoa"
"ncbi","Athous","Elateridae","Coleoptera","Metazoa"
"ncbi","Athysanus","Cicadellidae","Hemiptera","Metazoa"
"ncbi","Atranus","Carabidae","Coleoptera","Metazoa"
"ncbi","Atrytonopsis","Hesperiidae","Lepidoptera","Metazoa"
"ncbi","Attalus","Melyridae","Coleoptera","Metazoa"
"ncbi","Atteva","Attevidae","Lepidoptera","Metazoa"
"ncbi","Augochlora","Halictidae","Hymenoptera","Metazoa"
"ncbi","Augochlorella","Halictidae","Hymenoptera","Metazoa"
"ncbi","Augochloropsis","Halictidae","Hymenoptera","Metazoa"
"ncbi","Autographa","Noctuidae","Lepidoptera","Metazoa"
"ncbi","Axinopalpus","Carabidae","Coleoptera","Metazoa"
"ncbi","Bactridium","Monotomidae","Coleoptera","Metazoa"
"ncbi","Badister","Carabidae","Coleoptera","Metazoa"
"ncbi","Baeocera","Staphylinidae","Coleoptera","Metazoa"
"ncbi","Balcanocerus","Cicadellidae","Hemiptera","Metazoa"
"ncbi","Balclutha","Cicadellidae","Hemiptera","Metazoa"
"ncbi","Balsa","Noctuidae","Lepidoptera","Metazoa"
"ncbi","Banasa","Pentatomidae","Hemiptera","Metazoa"
"ncbi","Banchinae","Ichneumonidae","Hymenoptera","Metazoa"
"ncbi","Bandara","Cicadellidae","Hemiptera","Metazoa"
"ncbi","Barce","Reduviidae","Hemiptera","Metazoa"
"ncbi","Barypeithes","Curculionidae","Coleoptera","Metazoa"
"ncbi","Bassareus","Chrysomelidae","Coleoptera","Metazoa"
"ncbi","Bembidion","Carabidae","Coleoptera","Metazoa"
"ncbi","Bembix","Crabronidae","Hymenoptera","Metazoa"
"ncbi","Berytidae","Berytidae","Hemiptera","Metazoa"
"ncbi","Bethylidae","Bethylidae","Hymenoptera","Metazoa"
"ncbi","Bibionidae","Bibionidae","Diptera","Metazoa"
"ncbi","Bicyrtes","Crabronidae","Hymenoptera","Metazoa"
"ncbi","Bisnius","Staphylinidae","Coleoptera","Metazoa"
"ncbi","Blacinae","Braconidae","Hymenoptera","Metazoa"
"ncbi","Blaniulus","Blaniulidae","Julida","Metazoa"
"ncbi","Blapstinus","Tenebrionidae","Coleoptera","Metazoa"
"ncbi","Blepharomastix","Crambidae","Lepidoptera","Metazoa"
"ncbi","Bleptina","Erebidae","Lepidoptera","Metazoa"
"ncbi","Blissidae","Blissidae","Hemiptera","Metazoa"
"ncbi","Blissus","Blissidae","Hemiptera","Metazoa"
"ncbi","Boletina","Mycetophilidae","Diptera","Metazoa"
"ncbi","Bombus","Apidae","Hymenoptera","Metazoa"
"ncbi","Bombyliidae","Bombyliidae","Diptera","Metazoa"
"ncbi","Bombylius","Bombyliidae","Diptera","Metazoa"
"ncbi","Brachiacantha","Coccinellidae","Coleoptera","Metazoa"
"ncbi","Brachinus","Carabidae","Coleoptera","Metazoa"
"ncbi","Brachygluta","Staphylinidae","Coleoptera","Metazoa"
"ncbi","Brachyiulus","Julidae","Julida","Metazoa"
"ncbi","Brachyleptura","Cerambycidae","Coleoptera","Metazoa"
"ncbi","Brachymyrmex","Formicidae","Hymenoptera","Metazoa"
"ncbi","Brachypeza","Mycetophilidae","Diptera","Metazoa"
"ncbi","Brachypterolus","Kateretidae","Coleoptera","Metazoa"
"ncbi","Braconidae","Braconidae","Hymenoptera","Metazoa"
"ncbi","Braconinae","Braconidae","Hymenoptera","Metazoa"
"ncbi","Bradycellus","Carabidae","Coleoptera","Metazoa"
"ncbi","Brevicornu","Mycetophilidae","Diptera","Metazoa"
"ncbi","Bruchidae","Chrysomelidae","Coleoptera","Metazoa"
"ncbi","Bryoporus","Staphylinidae","Coleoptera","Metazoa"
"ncbi","Bufolucilia","Calliphoridae","Diptera","Metazoa"
"ncbi","Byturus","Byturidae","Coleoptera","Metazoa"
"ncbi","Caenocara","Dermestidae","Coleoptera","Metazoa"
"ncbi","Caenochrysis","Chrysididae","Hymenoptera","Metazoa"
"ncbi","Caenurgina","Erebidae","Lepidoptera","Metazoa"
"ncbi","Cafius","Staphylinidae","Coleoptera","Metazoa"
"ncbi","Calathus","Carabidae","Coleoptera","Metazoa"
"ncbi","Caliadurgus","Pompilidae","Hymenoptera","Metazoa"
"ncbi","Calligrapha","Chrysomelidae","Coleoptera","Metazoa"
"ncbi","Calliopsis","Andrenidae","Hymenoptera","Metazoa"
"ncbi","Calliphora","Calliphoridae","Diptera","Metazoa"
"ncbi","Calliphoridae","Calliphoridae","Diptera","Metazoa"
"ncbi","Callophrys","Lycaenidae","Lepidoptera","Metazoa"
"ncbi","Calophasia","Noctuidae","Lepidoptera","Metazoa"
"ncbi","Calopteron","Lycidae","Coleoptera","Metazoa"
"ncbi","Campaea","Geometridae","Lepidoptera","Metazoa"
"ncbi","Campoleginae",NA,NA,NA
"ncbi","Camponotus","Formicidae","Hymenoptera","Metazoa"
"ncbi","Campylenchia","Membracidae","Hemiptera","Metazoa"
"ncbi","Canifa","Scraptiidae","Coleoptera","Metazoa"
"ncbi","Cantharidae","Cantharidae","Coleoptera","Metazoa"
"ncbi","Cantharis","Cantharidae","Coleoptera","Metazoa"
"ncbi","Capnochroa","Tenebrionidae","Coleoptera","Metazoa"
"ncbi","Capraita","Chrysomelidae","Coleoptera","Metazoa"
"ncbi","Capsus","Miridae","Hemiptera","Metazoa"
"ncbi","Carabidae","Carabidae","Coleoptera","Metazoa"
"ncbi","Carabus","Carabidae","Coleoptera","Metazoa"
"ncbi","Cardiochiles","Braconidae","Hymenoptera","Metazoa"
"ncbi","Cardiophorus","Elateridae","Coleoptera","Metazoa"
"ncbi","Carphacis","Staphylinidae","Coleoptera","Metazoa"
"ncbi","Carpophilus","Nitidulidae","Coleoptera","Metazoa"
"ncbi","Cartodere","Latridiidae","Coleoptera","Metazoa"
"ncbi","Cassida","Chrysomelidae","Coleoptera","Metazoa"
"ncbi","Castianeira","Clubionidae","Araneae","Metazoa"
"ncbi","Cathormiocerus","Curculionidae","Coleoptera","Metazoa"
"ncbi","Catocala","Erebidae","Lepidoptera","Metazoa"
"ncbi","Catogenus","Passandridae","Coleoptera","Metazoa"
"ncbi","Catonia","Achilidae","Hemiptera","Metazoa"
"ncbi","Celastrina","Lycaenidae","Lepidoptera","Metazoa"
"ncbi","Celithemis","Libellulidae","Odonata","Metazoa"
"ncbi","Cenocoelius","Braconidae","Hymenoptera","Metazoa"
"ncbi","Centronopus",NA,NA,NA
"ncbi","Cepaea","Helicidae","Stylommatophora","Metazoa"
"ncbi","Cephalonomia","Bethylidae","Hymenoptera","Metazoa"
"ncbi","Ceratagallia","Cicadellidae","Hemiptera","Metazoa"
"ncbi","Ceratina","Apidae","Hymenoptera","Metazoa"
"ncbi","Cerceris","Crabronidae","Hymenoptera","Metazoa"
"ncbi","Cercyon","Hydrophilidae","Coleoptera","Metazoa"
"ncbi","Cercyonis","Nymphalidae","Lepidoptera","Metazoa"
"ncbi","Ceresa","Membracidae","Hemiptera","Metazoa"
"ncbi","Ceuthophilus","Rhaphidophoridae","Orthoptera","Metazoa"
"ncbi","Ceutorhynchus","Curculionidae","Coleoptera","Metazoa"
"ncbi","Chaetocnema","Chrysomelidae","Coleoptera","Metazoa"
"ncbi","Chalcididae","Chalcididae","Hymenoptera","Metazoa"
"ncbi","Chalcidoidea",NA,"Hymenoptera","Metazoa"
"ncbi","Chalybion","Sphecidae","Hymenoptera","Metazoa"
"ncbi","Charaphloeus","Laemophloeidae","Coleoptera","Metazoa"
"ncbi","Charidotella","Chrysomelidae","Coleoptera","Metazoa"
"ncbi","Chariessa","Cleridae","Coleoptera","Metazoa"
"ncbi","Chauliodes","Corydalidae","Megaloptera","Metazoa"
"ncbi","Cheiracanthium","Cheiracanthiidae","Araneae","Metazoa"
"ncbi","Cheloninae","Braconidae","Hymenoptera","Metazoa"
"ncbi","Chelymorpha","Chrysomelidae","Coleoptera","Metazoa"
"ncbi","Chernetidae","Chernetidae","Pseudoscorpiones","Metazoa"
"ncbi","Chilocorus","Coccinellidae","Coleoptera","Metazoa"
"ncbi","Chlaenius","Carabidae","Coleoptera","Metazoa"
"ncbi","Chlorochlamys","Geometridae","Lepidoptera","Metazoa"
"ncbi","Chloroclystis","Geometridae","Lepidoptera","Metazoa"
"ncbi","Chlorotettix","Cicadellidae","Hemiptera","Metazoa"
"ncbi","Choneiulus","Blaniulidae","Julida","Metazoa"
"ncbi","Choristoneura","Tortricidae","Lepidoptera","Metazoa"
"ncbi","Chorthippus","Acrididae","Orthoptera","Metazoa"
"ncbi","Chortophaga","Acrididae","Orthoptera","Metazoa"
"ncbi","Chrysis","Chrysididae","Hymenoptera","Metazoa"
"ncbi","Chrysodeixis","Noctuidae","Lepidoptera","Metazoa"
"ncbi","Chrysolina","Chrysomelidae","Coleoptera","Metazoa"
"ncbi","Chrysomelidae","Chrysomelidae","Coleoptera","Metazoa"
"ncbi","Chrysopa","Chrysopidae","Neuroptera","Metazoa"
"ncbi","Chrysopidae","Chrysopidae","Neuroptera","Metazoa"
"ncbi","Chrysura","Chrysididae","Hymenoptera","Metazoa"
"ncbi","Chytolita","Erebidae","Lepidoptera","Metazoa"
"ncbi","Chytonix","Noctuidae","Lepidoptera","Metazoa"
"ncbi","Cicadellidae","Cicadellidae","Hemiptera","Metazoa"
"ncbi","Cicindela","Carabidae","Coleoptera","Metazoa"
"ncbi","Ciidae","Ciidae","Coleoptera","Metazoa"
"ncbi","Cisseps","Erebidae","Lepidoptera","Metazoa"
"ncbi","Cisthene","Erebidae","Lepidoptera","Metazoa"
"ncbi","Cixiidae","Cixiidae","Hemiptera","Metazoa"
"ncbi","Clastoptera","Clastopteridae","Hemiptera","Metazoa"
"ncbi","Cleptes","Chrysididae","Hymenoptera","Metazoa"
"ncbi","Cleridae","Cleridae","Coleoptera","Metazoa"
"ncbi","Clivina","Carabidae","Coleoptera","Metazoa"
"ncbi","Clonophoromyces",NA,NA,NA
"ncbi","Clypastraea","Corylophidae","Coleoptera","Metazoa"
"ncbi","Clytemnestra",NA,NA,NA
"ncbi","Cnopus",NA,NA,NA
"ncbi","Coccinella","Coccinellidae","Coleoptera","Metazoa"
"ncbi","Coccinellidae","Coccinellidae","Coleoptera","Metazoa"
"ncbi","Cochlicopa","Cochlicopidae","Stylommatophora","Metazoa"
"ncbi","Coelidia","Cicadellidae","Hemiptera","Metazoa"
"ncbi","Coelioxys","Megachilidae","Hymenoptera","Metazoa"
"ncbi","Coelopa","Coelopidae","Diptera","Metazoa"
"ncbi","Coenagrionidae","Coenagrionidae","Odonata","Metazoa"
"ncbi","Coenonympha","Nymphalidae","Lepidoptera","Metazoa"
"ncbi","Coleomegilla","Coccinellidae","Coleoptera","Metazoa"
"ncbi","Coleoptera",NA,"Coleoptera","Metazoa"
"ncbi","Colias","Pieridae","Lepidoptera","Metazoa"
"ncbi","Colladonus","Cicadellidae","Hemiptera","Metazoa"
"ncbi","Colletes","Colletidae","Hymenoptera","Metazoa"
"ncbi","Colliuris","Carabidae","Coleoptera","Metazoa"
"ncbi","Collops","Melyridae","Coleoptera","Metazoa"
"ncbi","Colon","Leiodidae","Coleoptera","Metazoa"
"ncbi","Conalia",NA,NA,NA
"ncbi","Condylostylus","Dolichopodidae","Diptera","Metazoa"
"ncbi","Conocephalus","Tettigoniidae","Orthoptera","Metazoa"
"ncbi","Conoderus","Elateridae","Coleoptera","Metazoa"
"ncbi","Conopidae","Conopidae","Diptera","Metazoa"
"ncbi","Conotelus","Nitidulidae","Coleoptera","Metazoa"
"ncbi","Conotrachelus","Curculionidae","Coleoptera","Metazoa"
"ncbi","Copestylum","Syrphidae","Diptera","Metazoa"
"ncbi","Copris","Scarabaeidae","Coleoptera","Metazoa"
"ncbi","Coproporus","Staphylinidae","Coleoptera","Metazoa"
"ncbi","Coquillettidia","Culicidae","Diptera","Metazoa"
"ncbi","Cordyla","Mycetophilidae","Diptera","Metazoa"
"ncbi","Corimelaena","Thyreocoridae","Hemiptera","Metazoa"
"ncbi","Corixidae","Corixidae","Hemiptera","Metazoa"
"ncbi","Corthylus","Curculionidae","Coleoptera","Metazoa"
"ncbi","Corticarina","Latridiidae","Coleoptera","Metazoa"
"ncbi","Cortinicara","Latridiidae","Coleoptera","Metazoa"
"ncbi","Corylophidae","Corylophidae","Coleoptera","Metazoa"
"ncbi","Corythucha","Tingidae","Hemiptera","Metazoa"
"ncbi","Cosmobaris","Curculionidae","Coleoptera","Metazoa"
"ncbi","Cosmopepla","Pentatomidae","Hemiptera","Metazoa"
"ncbi","Crabro","Crabronidae","Hymenoptera","Metazoa"
"ncbi","Crambus","Crambidae","Lepidoptera","Metazoa"
"ncbi","Cregya","Cleridae","Coleoptera","Metazoa"
"ncbi","Cremastinae","Ichneumonidae","Hymenoptera","Metazoa"
"ncbi","Crematogaster","Formicidae","Hymenoptera","Metazoa"
"ncbi","Creophilus","Staphylinidae","Coleoptera","Metazoa"
"ncbi","Crepidodera","Chrysomelidae","Coleoptera","Metazoa"
"ncbi","Crioceris","Chrysomelidae","Coleoptera","Metazoa"
"ncbi","Crossocerus","Crabronidae","Hymenoptera","Metazoa"
"ncbi","Cryphula","Rhyparochromidae","Hemiptera","Metazoa"
"ncbi","Cryptarcha","Nitidulidae","Coleoptera","Metazoa"
"ncbi","Cryptinae","Ichneumonidae","Hymenoptera","Metazoa"
"ncbi","Cryptocephalus","Chrysomelidae","Coleoptera","Metazoa"
"ncbi","Cryptophagidae","Cryptophagidae","Coleoptera","Metazoa"
"ncbi","Cryptophagus","Cryptophagidae","Coleoptera","Metazoa"
"ncbi","Cryptophilus","Erotylidae","Coleoptera","Metazoa"
"ncbi","Cryptorhynchus","Curculionidae","Coleoptera","Metazoa"
"ncbi","Ctenicera","Elateridae","Coleoptera","Metazoa"
"ncbi","Culex","Culicidae","Diptera","Metazoa"
"ncbi","Culicidae","Culicidae","Diptera","Metazoa"
"ncbi","Culiseta","Culicidae","Diptera","Metazoa"
"ncbi","Curculio","Curculionidae","Coleoptera","Metazoa"
"ncbi","Curculionidae","Curculionidae","Coleoptera","Metazoa"
"ncbi","Cyanopterus","Braconidae","Hymenoptera","Metazoa"
"ncbi","Cycloneda","Coccinellidae","Coleoptera","Metazoa"
"ncbi","Cycnia","Erebidae","Lepidoptera","Metazoa"
"ncbi","Cydnidae","Cydnidae","Hemiptera","Metazoa"
"ncbi","Cylindrocopturus","Curculionidae","Coleoptera","Metazoa"
"ncbi","Cylindroiulus","Julidae","Julida","Metazoa"
"ncbi","Cymatodera","Cleridae","Coleoptera","Metazoa"
"ncbi","Cymindis","Carabidae","Coleoptera","Metazoa"
"ncbi","Cynipidae","Cynipidae","Hymenoptera","Metazoa"
"ncbi","Cynomya","Calliphoridae","Diptera","Metazoa"
"ncbi","Cyphon","Scirtidae","Coleoptera","Metazoa"
"ncbi","Cyrtepistomus","Curculionidae","Coleoptera","Metazoa"
"ncbi","Cyrtolobus","Membracidae","Hemiptera","Metazoa"
"ncbi","Cyrtophorus","Cerambycidae","Coleoptera","Metazoa"
"ncbi","Dalopius","Elateridae","Coleoptera","Metazoa"
"ncbi","Danaus","Nymphalidae","Lepidoptera","Metazoa"
"ncbi","Dasymutilla","Mutillidae","Hymenoptera","Metazoa"
"ncbi","Deloyala","Chrysomelidae","Coleoptera","Metazoa"
"ncbi","Delphacidae","Delphacidae","Hemiptera","Metazoa"
"ncbi","Delphinia","Ulidiidae","Diptera","Metazoa"
"ncbi","Deltocephalus","Cicadellidae","Hemiptera","Metazoa"
"ncbi","Dendroides","Pyrochroidae","Coleoptera","Metazoa"
"ncbi","Dermestes","Dermestidae","Coleoptera","Metazoa"
"ncbi","Dermestidae","Dermestidae","Coleoptera","Metazoa"
"ncbi","Deroceras","Agriolimacidae","Stylommatophora","Metazoa"
"ncbi","Desmia","Crambidae","Lepidoptera","Metazoa"
"ncbi","Destria","Cicadellidae","Hemiptera","Metazoa"
"ncbi","Diabrotica","Chrysomelidae","Coleoptera","Metazoa"
"ncbi","Diachus","Chrysomelidae","Coleoptera","Metazoa"
"ncbi","Dialictus","Halictidae","Hymenoptera","Metazoa"
"ncbi","Diapriidae","Diapriidae","Hymenoptera","Metazoa"
"ncbi","Diastictis","Crambidae","Lepidoptera","Metazoa"
"ncbi","Dibolia","Chrysomelidae","Coleoptera","Metazoa"
"ncbi","Dicaelus","Carabidae","Coleoptera","Metazoa"
"ncbi","Dicerca","Buprestidae","Coleoptera","Metazoa"
"ncbi","Didineis","Crabronidae","Hymenoptera","Metazoa"
"ncbi","Dietzianus",NA,NA,NA
"ncbi","Digrammia","Geometridae","Lepidoptera","Metazoa"
"ncbi","Dikraneura","Cicadellidae","Hemiptera","Metazoa"
"ncbi","Dimorphopterix",NA,NA,NA
"ncbi","Diplocheila","Carabidae","Coleoptera","Metazoa"
"ncbi","Diplocolenus","Cicadellidae","Hemiptera","Metazoa"
"ncbi","Diplotaxis","Scarabaeidae","Coleoptera","Metazoa"
"ncbi","Dipogon","Pompilidae","Hymenoptera","Metazoa"
"ncbi","Dipropus",NA,NA,NA
"ncbi","Diptera",NA,"Diptera","Metazoa"
"ncbi","Dircaea","Melandryidae","Coleoptera","Metazoa"
"ncbi","Dirrhagofarsus",NA,NA,NA
"ncbi","Discus","Endodontidae","Stylommatophora","Metazoa"
"ncbi","Disonycha","Chrysomelidae","Coleoptera","Metazoa"
"ncbi","Dissosteira","Acrididae","Orthoptera","Metazoa"
"ncbi","Distigmoptera","Chrysomelidae","Coleoptera","Metazoa"
"ncbi","Dolichomia","Pyralidae","Lepidoptera","Metazoa"
"ncbi","Dolichopodidae","Dolichopodidae","Diptera","Metazoa"
"ncbi","Dolichovespula","Vespidae","Hymenoptera","Metazoa"
"ncbi","Doratura","Cicadellidae","Hemiptera","Metazoa"
"ncbi","Dorcatominae","Anobiidae","Coleoptera","Metazoa"
"ncbi","Dorytomus","Erirhinidae","Coleoptera","Metazoa"
"ncbi","Draeculacephala","Cicadellidae","Hemiptera","Metazoa"
"ncbi","Drassodes","Gnaphosidae","Araneae","Metazoa"
"ncbi","Drassyllus","Gnaphosidae","Araneae","Metazoa"
"ncbi","Dromius","Carabidae","Coleoptera","Metazoa"
"ncbi","Dryinidae","Dryinidae","Hymenoptera","Metazoa"
"ncbi","Drymus","Rhyparochromidae","Hemiptera","Metazoa"
"ncbi","Dryocoetes","Curculionidae","Coleoptera","Metazoa"
"ncbi","Dryophthorus","Curculionidae","Coleoptera","Metazoa"
"ncbi","Dyschirius","Carabidae","Coleoptera","Metazoa"
"ncbi","Dysdera","Dysderidae","Araneae","Metazoa"
"ncbi","Dytiscidae","Dytiscidae","Coleoptera","Metazoa"
"ncbi","Ectemnius","Crabronidae","Hymenoptera","Metazoa"
"ncbi","Ectobius","Ectobiidae","Blattodea","Metazoa"
"ncbi","Ectropis","Geometridae","Lepidoptera","Metazoa"
"ncbi","Ecyrus","Cerambycidae","Coleoptera","Metazoa"
"ncbi","Elampus","Chrysididae","Hymenoptera","Metazoa"
"ncbi","Elaphidion","Cerambycidae","Coleoptera","Metazoa"
"ncbi","Elaphria","Noctuidae","Lepidoptera","Metazoa"
"ncbi","Elaphropus","Carabidae","Coleoptera","Metazoa"
"ncbi","Elasmostethus","Acanthosomatidae","Hemiptera","Metazoa"
"ncbi","Elateridae","Elateridae","Coleoptera","Metazoa"
"ncbi","Ellychnia","Lampyridae","Coleoptera","Metazoa"
"ncbi","Elonus","Aderidae","Coleoptera","Metazoa"
"ncbi","Elymana","Cicadellidae","Hemiptera","Metazoa"
"ncbi","Empoasca","Cicadellidae","Hemiptera","Metazoa"
"ncbi","Enallagma","Coenagrionidae","Odonata","Metazoa"
"ncbi","Enaphalodes","Cerambycidae","Coleoptera","Metazoa"
"ncbi","Enicospilus","Ichneumonidae","Hymenoptera","Metazoa"
"ncbi","Ennomos","Geometridae","Lepidoptera","Metazoa"
"ncbi","Enoclerus","Cleridae","Coleoptera","Metazoa"
"ncbi","Entomobrya","Entomobryidae","Entomobryomorpha","Metazoa"
"ncbi","Entomophthalmus","Eucnemidae","Coleoptera","Metazoa"
"ncbi","Epeolus","Apidae","Hymenoptera","Metazoa"
"ncbi","Ephydridae","Ephydridae","Diptera","Metazoa"
"ncbi","Epicauta","Meloidae","Coleoptera","Metazoa"
"ncbi","Epistrophe","Syrphidae","Diptera","Metazoa"
"ncbi","Episyron","Pompilidae","Hymenoptera","Metazoa"
"ncbi","Epitheca","Corduliidae","Odonata","Metazoa"
"ncbi","Epitrix","Chrysomelidae","Coleoptera","Metazoa"
"ncbi","Epuraea","Nitidulidae","Coleoptera","Metazoa"
"ncbi","Epyris","Bethylidae","Hymenoptera","Metazoa"
"ncbi","Eratoneura","Cicadellidae","Hemiptera","Metazoa"
"ncbi","Eremnophila","Sphecidae","Hymenoptera","Metazoa"
"ncbi","Eremocoris","Rhyparochromidae","Hemiptera","Metazoa"
"ncbi","Erichsonius","Staphylinidae","Coleoptera","Metazoa"
"ncbi","Erigone","Linyphiidae","Araneae","Metazoa"
"ncbi","Eristalinus","Syrphidae","Diptera","Metazoa"
"ncbi","Eristalis","Syrphidae","Diptera","Metazoa"
"ncbi","Erotylidae","Erotylidae","Coleoptera","Metazoa"
"ncbi","Erynnis","Hesperiidae","Lepidoptera","Metazoa"
"ncbi","Erythroneura","Cicadellidae","Hemiptera","Metazoa"
"ncbi","Euaesthetus","Staphylinidae","Coleoptera","Metazoa"
"ncbi","Euchaetes","Erebidae","Lepidoptera","Metazoa"
"ncbi","Eucinetus","Eucinetidae","Coleoptera","Metazoa"
"ncbi","Eucnemidae","Eucnemidae","Coleoptera","Metazoa"
"ncbi","Eudryas","Noctuidae","Lepidoptera","Metazoa"
"ncbi","Eulithis","Geometridae","Lepidoptera","Metazoa"
"ncbi","Eulophidae","Eulophidae","Hymenoptera","Metazoa"
"ncbi","Eumenes","Vespidae","Hymenoptera","Metazoa"
"ncbi","Eunemobius","Gryllidae","Orthoptera","Metazoa"
"ncbi","Euodynerus","Vespidae","Hymenoptera","Metazoa"
"ncbi","Euparius","Anthribidae","Coleoptera","Metazoa"
"ncbi","Eupelmidae","Eupelmidae","Hymenoptera","Metazoa"
"ncbi","Eupeodes","Syrphidae","Diptera","Metazoa"
"ncbi","Euphoria","Scarabaeidae","Coleoptera","Metazoa"
"ncbi","Eupogonius","Cerambycidae","Coleoptera","Metazoa"
"ncbi","Eupsenius",NA,NA,NA
"ncbi","Eupteryx","Cicadellidae","Hemiptera","Metazoa"
"ncbi","Eurytomidae","Eurytomidae","Hymenoptera","Metazoa"
"ncbi","Eusarca","Geometridae","Lepidoptera","Metazoa"
"ncbi","Euscelis","Cicadellidae","Hemiptera","Metazoa"
"ncbi","Euschistus","Pentatomidae","Hemiptera","Metazoa"
"ncbi","Eusphyrus",NA,NA,NA
"ncbi","Euspilotus","Histeridae","Coleoptera","Metazoa"
"ncbi","Eustala","Araneidae","Araneae","Metazoa"
"ncbi","Eusticta",NA,NA,NA
"ncbi","Eustixia","Crambidae","Lepidoptera","Metazoa"
"ncbi","Euwallacea","Curculionidae","Coleoptera","Metazoa"
"ncbi","Evagetes","Pompilidae","Hymenoptera","Metazoa"
"ncbi","Everes","Lycaenidae","Lepidoptera","Metazoa"
"ncbi","Evergestis","Crambidae","Lepidoptera","Metazoa"
"ncbi","Exallonyx","Proctotrupidae","Hymenoptera","Metazoa"
"ncbi","Exechia","Mycetophilidae","Diptera","Metazoa"
"ncbi","Exechiopsis","Mycetophilidae","Diptera","Metazoa"
"ncbi","Extenterini",NA,NA,NA
"ncbi","Extrusanus","Cicadellidae","Hemiptera","Metazoa"
"ncbi","Falsomordellistena","Mordellidae","Coleoptera","Metazoa"
"ncbi","Feltia","Noctuidae","Lepidoptera","Metazoa"
"ncbi","Ferdinandea","Syrphidae","Diptera","Metazoa"
"ncbi","Figitidae","Figitidae","Hymenoptera","Metazoa"
"ncbi","Fitchia","Reduviidae","Hemiptera","Metazoa"
"ncbi","Flavohelodes",NA,NA,NA
"ncbi","Flexamia","Cicadellidae","Hemiptera","Metazoa"
"ncbi","Forficula","Forficulidae","Dermaptera","Metazoa"
"ncbi","Formica","Formicidae","Hymenoptera","Metazoa"
"ncbi","Formicidae","Formicidae","Hymenoptera","Metazoa"
"ncbi","Fulvius","Miridae","Hemiptera","Metazoa"
"ncbi","Gasteruptiidae","Gasteruptiidae","Hymenoptera","Metazoa"
"ncbi","Gasteruption","Gasteruptiidae","Hymenoptera","Metazoa"
"ncbi","Gastrocopta","Pupillidae","Stylommatophora","Metazoa"
"ncbi","Gelis","Ichneumonidae","Hymenoptera","Metazoa"
"ncbi","Geocoris","Geocoridae","Hemiptera","Metazoa"
"ncbi","Geotrupes","Geotrupidae","Coleoptera","Metazoa"
"ncbi","Geraeus","Curculionidae","Coleoptera","Metazoa"
"ncbi","Gliptini",NA,NA,NA
"ncbi","Glischrochilus","Nitidulidae","Coleoptera","Metazoa"
"ncbi","Gluphisia","Notodontidae","Lepidoptera","Metazoa"
"ncbi","Glyphyalinia","Gastrodontidae","Stylommatophora","Metazoa"
"ncbi","Gnamptopelta","Ichneumonidae","Hymenoptera","Metazoa"
"ncbi","Gonatopus","Dryinidae","Hymenoptera","Metazoa"
"ncbi","Goniozus","Bethylidae","Hymenoptera","Metazoa"
"ncbi","Gorytes","Crabronidae","Hymenoptera","Metazoa"
"ncbi","Graminella","Cicadellidae","Hemiptera","Metazoa"
"ncbi","Graphocephala","Cicadellidae","Hemiptera","Metazoa"
"ncbi","Graphops","Chrysomelidae","Coleoptera","Metazoa"
"ncbi","Gryllus","Gryllidae","Orthoptera","Metazoa"
"ncbi","Gymnetron","Curculionidae","Coleoptera","Metazoa"
"ncbi","Gyponana","Cicadellidae","Hemiptera","Metazoa"
"ncbi","Gyrohypnus","Staphylinidae","Coleoptera","Metazoa"
"ncbi","Habrocerus","Staphylinidae","Coleoptera","Metazoa"
"ncbi","Hadrobregmus","Anobiidae","Coleoptera","Metazoa"
"ncbi","Hadromorphus","Elateridae","Coleoptera","Metazoa"
"ncbi","Haematopis","Geometridae","Lepidoptera","Metazoa"
"ncbi","Halictidae","Halictidae","Hymenoptera","Metazoa"
"ncbi","Halictus","Halictidae","Hymenoptera","Metazoa"
"ncbi","Hallomenus","Melandryidae","Coleoptera","Metazoa"
"ncbi","Halticus","Miridae","Hemiptera","Metazoa"
"ncbi","Halysidota","Erebidae","Lepidoptera","Metazoa"
"ncbi","Haplandrus","Tenebrionidae","Coleoptera","Metazoa"
"ncbi","Harmonia","Coccinellidae","Coleoptera","Metazoa"
"ncbi","Harmostes","Rhopalidae","Hemiptera","Metazoa"
"ncbi","Harpalus","Carabidae","Coleoptera","Metazoa"
"ncbi","Hebrus","Hebridae","Hemiptera","Metazoa"
"ncbi","Hedychridium","Chrysididae","Hymenoptera","Metazoa"
"ncbi","Helicoverpa","Noctuidae","Lepidoptera","Metazoa"
"ncbi","Helochara","Cicadellidae","Hemiptera","Metazoa"
"ncbi","Helophilus","Syrphidae","Diptera","Metazoa"
"ncbi","Hemaris","Sphingidae","Lepidoptera","Metazoa"
"ncbi","Hemerobiidae","Hemerobiidae","Neuroptera","Metazoa"
"ncbi","Hemicrepidius","Elateridae","Coleoptera","Metazoa"
"ncbi","Hemigastrini","Ichneumonidae","Hymenoptera","Metazoa"
"ncbi","Hemiptera",NA,"Hemiptera","Metazoa"
"ncbi","Heraeus","Rhyparochromidae","Hemiptera","Metazoa"
"ncbi","Heriades","Megachilidae","Hymenoptera","Metazoa"
"ncbi","Heringia","Syrphidae","Diptera","Metazoa"
"ncbi","Heterocampa","Notodontidae","Lepidoptera","Metazoa"
"ncbi","Heterospilus","Braconidae","Hymenoptera","Metazoa"
"ncbi","Heterotoma","Miridae","Hemiptera","Metazoa"
"ncbi","Hippoboscidae","Hippoboscidae","Diptera","Metazoa"
"ncbi","Hippodamia","Coccinellidae","Coleoptera","Metazoa"
"ncbi","Hishimonus","Cicadellidae","Hemiptera","Metazoa"
"ncbi","Histeridae","Histeridae","Coleoptera","Metazoa"
"ncbi","Holcostethus","Pentatomidae","Hemiptera","Metazoa"
"ncbi","Holopsis","Corylophidae","Coleoptera","Metazoa"
"ncbi","Homaeotarsus","Staphylinidae","Coleoptera","Metazoa"
"ncbi","Homolobus","Braconidae","Hymenoptera","Metazoa"
"ncbi","Homorthodes","Noctuidae","Lepidoptera","Metazoa"
"ncbi","Hoplisoides","Crabronidae","Hymenoptera","Metazoa"
"ncbi","Hoplitis","Megachilidae","Hymenoptera","Metazoa"
"ncbi","Hoshihananomia","Mordellidae","Coleoptera","Metazoa"
"ncbi","Hydrochus","Hydrochidae","Coleoptera","Metazoa"
"ncbi","Hydrophilidae","Hydrophilidae","Coleoptera","Metazoa"
"ncbi","Hylaeus","Colletidae","Hymenoptera","Metazoa"
"ncbi","Hylis","Eucnemidae","Coleoptera","Metazoa"
"ncbi","Hyloniscus","Trichoniscidae","Isopoda","Metazoa"
"ncbi","Hymenoptera",NA,"Hymenoptera","Metazoa"
"ncbi","Hymenorus","Tenebrionidae","Coleoptera","Metazoa"
"ncbi","Hypagyrtis","Geometridae","Lepidoptera","Metazoa"
"ncbi","Hypena","Erebidae","Lepidoptera","Metazoa"
"ncbi","Hypera","Curculionidae","Coleoptera","Metazoa"
"ncbi","Hyperaspis","Coccinellidae","Coleoptera","Metazoa"
"ncbi","Hyperplatys","Cerambycidae","Coleoptera","Metazoa"
"ncbi","Hyphantria","Erebidae","Lepidoptera","Metazoa"
"ncbi","Hypocaccus","Histeridae","Coleoptera","Metazoa"
"ncbi","Hypothenemus","Curculionidae","Coleoptera","Metazoa"
"ncbi","Hypsopygia","Pyralidae","Lepidoptera","Metazoa"
"ncbi","Ichneumon","Ichneumonidae","Hymenoptera","Metazoa"
"ncbi","Ichneumonidae","Ichneumonidae","Hymenoptera","Metazoa"
"ncbi","Ichneumoninae","Ichneumonidae","Hymenoptera","Metazoa"
"ncbi","Idia","Erebidae","Lepidoptera","Metazoa"
"ncbi","Idiocerus","Cicadellidae","Hemiptera","Metazoa"
"ncbi","Illinigina","Cicadellidae","Hemiptera","Metazoa"
"ncbi","Ilyomyces","Laboulbeniaceae","Laboulbeniales","Fungi"
"ncbi","Isa","Limacodidae","Lepidoptera","Metazoa"
"ncbi","Ischnodemus","Blissidae","Hemiptera","Metazoa"
"ncbi","Ischnopterapion","Apionidae","Coleoptera","Metazoa"
"ncbi","Ischnosoma","Staphylinidae","Coleoptera","Metazoa"
"ncbi","Ischnura","Coenagrionidae","Odonata","Metazoa"
"ncbi","Isochnus","Curculionidae","Coleoptera","Metazoa"
"ncbi","Isodontia","Sphecidae","Hymenoptera","Metazoa"
"ncbi","Isohydnocera","Cleridae","Coleoptera","Metazoa"
"ncbi","Isomera",NA,NA,NA
"ncbi","Isomira","Tenebrionidae","Coleoptera","Metazoa"
"ncbi","Isorhipis","Eucnemidae","Coleoptera","Metazoa"
"ncbi","Isotoma","Isotomidae","Entomobryomorpha","Metazoa"
"ncbi","Isotomiella","Isotomidae","Entomobryomorpha","Metazoa"
"ncbi","Jalysus","Berytidae","Hemiptera","Metazoa"
"ncbi","Japananus","Cicadellidae","Hemiptera","Metazoa"
"ncbi","Junonia","Nymphalidae","Lepidoptera","Metazoa"
"ncbi","Kleidocerys","Lygaeidae","Hemiptera","Metazoa"
"ncbi","Labidomera","Chrysomelidae","Coleoptera","Metazoa"
"ncbi","Laboulbenia","Laboulbeniaceae","Laboulbeniales","Fungi"
"ncbi","Lacinipolia","Noctuidae","Lepidoptera","Metazoa"
"ncbi","Lacosoma","Mimallonidae","Lepidoptera","Metazoa"
"ncbi","Laemophloeidae","Laemophloeidae","Coleoptera","Metazoa"
"ncbi","Laemophloeus","Laemophloeidae","Coleoptera","Metazoa"
"ncbi","Laemostenus","Carabidae","Coleoptera","Metazoa"
"ncbi","Lampyridae","Lampyridae","Coleoptera","Metazoa"
"ncbi","Languria","Erotylidae","Coleoptera","Metazoa"
"ncbi","Larinus","Curculionidae","Coleoptera","Metazoa"
"ncbi","Lascoria","Erebidae","Lepidoptera","Metazoa"
"ncbi","Lasioglossum","Halictidae","Hymenoptera","Metazoa"
"ncbi","Lasiomerus","Nabidae","Hemiptera","Metazoa"
"ncbi","Lasius","Formicidae","Hymenoptera","Metazoa"
"ncbi","Latalus","Cicadellidae","Hemiptera","Metazoa"
"ncbi","Lathrobium","Staphylinidae","Coleoptera","Metazoa"
"ncbi","Lauxiniidae",NA,NA,NA
"ncbi","Lebia","Carabidae","Coleoptera","Metazoa"
"ncbi","Leia","Mycetophilidae","Diptera","Metazoa"
"ncbi","Leiodes","Leiodidae","Coleoptera","Metazoa"
"ncbi","Leiodidae","Leiodidae","Coleoptera","Metazoa"
"ncbi","Lejops","Syrphidae","Diptera","Metazoa"
"ncbi","Lema","Chrysomelidae","Coleoptera","Metazoa"
"ncbi","Lepidocyrtus","Entomobryidae","Entomobryomorpha","Metazoa"
"ncbi","Lepidoptera",NA,"Lepidoptera","Metazoa"
"ncbi","Leptinotarsa","Chrysomelidae","Coleoptera","Metazoa"
"ncbi","Leptoglossus","Coreidae","Hemiptera","Metazoa"
"ncbi","Leptopterna","Miridae","Hemiptera","Metazoa"
"ncbi","Lepturges","Cerambycidae","Coleoptera","Metazoa"
"ncbi","Lestes","Lestidae","Odonata","Metazoa"
"ncbi","Lestica","Crabronidae","Hymenoptera","Metazoa"
"ncbi","Leucania","Noctuidae","Lepidoptera","Metazoa"
"ncbi","Lexiphanes","Chrysomelidae","Coleoptera","Metazoa"
"ncbi","Libellula","Libellulidae","Odonata","Metazoa"
"ncbi","Lichenophanes","Bostrichidae","Coleoptera","Metazoa"
"ncbi","Lignyodes","Curculionidae","Coleoptera","Metazoa"
"ncbi","Limnia","Sciomyzidae","Diptera","Metazoa"
"ncbi","Limonius","Elateridae","Coleoptera","Metazoa"
"ncbi","Liopinus","Cerambycidae","Coleoptera","Metazoa"
"ncbi","Listronotus","Curculionidae","Coleoptera","Metazoa"
"ncbi","Litargus","Mycetophagidae","Coleoptera","Metazoa"
"ncbi","Lithobius","Lithobiidae","Lithobiomorpha","Metazoa"
"ncbi","Lithocharis","Staphylinidae","Coleoptera","Metazoa"
"ncbi","Lithocharodes","Staphylinidae","Coleoptera","Metazoa"
"ncbi","Lixus","Curculionidae","Coleoptera","Metazoa"
"ncbi","Lobiopa","Nitidulidae","Coleoptera","Metazoa"
"ncbi","Longitarsus","Chrysomelidae","Coleoptera","Metazoa"
"ncbi","Lopidea","Miridae","Hemiptera","Metazoa"
"ncbi","Lordithon","Staphylinidae","Coleoptera","Metazoa"
"ncbi","Lucidota","Lampyridae","Coleoptera","Metazoa"
"ncbi","Lycaena","Lycaenidae","Lepidoptera","Metazoa"
"ncbi","Lycoperdina","Endomychidae","Coleoptera","Metazoa"
"ncbi","Lygaeus","Lygaeidae","Hemiptera","Metazoa"
"ncbi","Lygropia","Crambidae","Lepidoptera","Metazoa"
"ncbi","Lygus","Miridae","Hemiptera","Metazoa"
"ncbi","Lymantria","Erebidae","Lepidoptera","Metazoa"
"ncbi","Lyroda","Crabronidae","Hymenoptera","Metazoa"
"ncbi","Macaria","Geometridae","Lepidoptera","Metazoa"
"ncbi","Macrobrachius","Mycetophilidae","Diptera","Metazoa"
"ncbi","Macrocentrus","Braconidae","Hymenoptera","Metazoa"
"ncbi","Macrocera","Keroplatidae","Diptera","Metazoa"
"ncbi","Macropsis","Cicadellidae","Hemiptera","Metazoa"
"ncbi","Macrosteles","Cicadellidae","Hemiptera","Metazoa"
"ncbi","Madarellus","Curculionidae","Coleoptera","Metazoa"
"ncbi","Magusa","Noctuidae","Lepidoptera","Metazoa"
"ncbi","Malacosoma","Lasiocampidae","Lepidoptera","Metazoa"
"ncbi","Maladera","Scarabaeidae","Coleoptera","Metazoa"
"ncbi","Maliattha","Noctuidae","Lepidoptera","Metazoa"
"ncbi","Mallota","Syrphidae","Diptera","Metazoa"
"ncbi","Malporus","Anthicidae","Coleoptera","Metazoa"
"ncbi","Manduca","Sphingidae","Lepidoptera","Metazoa"
"ncbi","Mantis","Mantidae","Mantodea","Metazoa"
"ncbi","Mantura","Chrysomelidae","Coleoptera","Metazoa"
"ncbi","Marathyssa","Euteliidae","Lepidoptera","Metazoa"
"ncbi","Mecinus","Curculionidae","Coleoptera","Metazoa"
"ncbi","Meconema","Tettigoniidae","Orthoptera","Metazoa"
"ncbi","Mecynotarsus","Anthicidae","Coleoptera","Metazoa"
"ncbi","Medon","Staphylinidae","Coleoptera","Metazoa"
"ncbi","Megachile","Megachilidae","Hymenoptera","Metazoa"
"ncbi","Megacyllene","Cerambycidae","Coleoptera","Metazoa"
"ncbi","Megaloceroea","Miridae","Hemiptera","Metazoa"
"ncbi","Megalographa","Noctuidae","Lepidoptera","Metazoa"
"ncbi","Megaspilidae","Megaspilidae","Hymenoptera","Metazoa"
"ncbi","Megastigmus","Megastigmidae","Hymenoptera","Metazoa"
"ncbi","Megisto","Nymphalidae","Lepidoptera","Metazoa"
"ncbi","Melanaethus","Cydnidae","Hemiptera","Metazoa"
"ncbi","Melanophthalma","Latridiidae","Coleoptera","Metazoa"
"ncbi","Melanoplus","Acrididae","Orthoptera","Metazoa"
"ncbi","Melanostoma","Syrphidae","Diptera","Metazoa"
"ncbi","Melanotus","Elateridae","Coleoptera","Metazoa"
"ncbi","Melba","Staphylinidae","Coleoptera","Metazoa"
"ncbi","Meligethes","Nitidulidae","Coleoptera","Metazoa"
"ncbi","Melissodes","Apidae","Hymenoptera","Metazoa"
"ncbi","Meloe","Meloidae","Coleoptera","Metazoa"
"ncbi","Melyridae","Melyridae","Coleoptera","Metazoa"
"ncbi","Menosoma","Cicadellidae","Hemiptera","Metazoa"
"ncbi","Mesovelia","Mesoveliidae","Hemiptera","Metazoa"
"ncbi","Metachroma","Chrysomelidae","Coleoptera","Metazoa"
"ncbi","Metalectra","Erebidae","Lepidoptera","Metazoa"
"ncbi","Metarranthis","Geometridae","Lepidoptera","Metazoa"
"ncbi","Metaxaglaea","Noctuidae","Lepidoptera","Metazoa"
"ncbi","Metcalfa","Flatidae","Hemiptera","Metazoa"
"ncbi","Meteorinae","Braconidae","Hymenoptera","Metazoa"
"ncbi","Meteorus","Braconidae","Hymenoptera","Metazoa"
"ncbi","Metrioptera","Tettigoniidae","Orthoptera","Metazoa"
"ncbi","Micracanthia","Saldidae","Hemiptera","Metazoa"
"ncbi","Micranoplium","Cerambycidae","Coleoptera","Metazoa"
"ncbi","Microbembex","Crabronidae","Hymenoptera","Metazoa"
"ncbi","Microcentrus","Membracidae","Hemiptera","Metazoa"
"ncbi","Microgastrinae","Braconidae","Hymenoptera","Metazoa"
"ncbi","Micropezidae","Micropezidae","Diptera","Metazoa"
"ncbi","Microporus","Cydnidae","Hemiptera","Metazoa"
"ncbi","Microrhagus","Eucnemidae","Coleoptera","Metazoa"
"ncbi","Microscapha","Melandryidae","Coleoptera","Metazoa"
"ncbi","Microtonus","Melandryidae","Coleoptera","Metazoa"
"ncbi","Mimumesa","Crabronidae","Hymenoptera","Metazoa"
"ncbi","Miridae","Miridae","Hemiptera","Metazoa"
"ncbi","Monarthrum","Curculionidae","Coleoptera","Metazoa"
"ncbi","Monobia","Vespidae","Hymenoptera","Metazoa"
"ncbi","Monoclona","Mycetophilidae","Diptera","Metazoa"
"ncbi","Monomorium","Formicidae","Hymenoptera","Metazoa"
"ncbi","Monotoma","Monotomidae","Coleoptera","Metazoa"
"ncbi","Mordella","Mordellidae","Coleoptera","Metazoa"
"ncbi","Mordellaria","Mordellidae","Coleoptera","Metazoa"
"ncbi","Mordellidae","Mordellidae","Coleoptera","Metazoa"
"ncbi","Mordellina","Mordellidae","Coleoptera","Metazoa"
"ncbi","Mordellistena","Mordellidae","Coleoptera","Metazoa"
"ncbi","Mordellochroa","Mordellidae","Coleoptera","Metazoa"
"ncbi","Muscidae","Muscidae","Diptera","Metazoa"
"ncbi","Mycetophila","Mycetophilidae","Diptera","Metazoa"
"ncbi","Mycetophilidae","Mycetophilidae","Diptera","Metazoa"
"ncbi","Mycetoporus","Staphylinidae","Coleoptera","Metazoa"
"ncbi","Mycomya","Mycetophilidae","Diptera","Metazoa"
"ncbi","Mymaridae","Mymaridae","Hymenoptera","Metazoa"
"ncbi","Myodocha","Rhyparochromidae","Hemiptera","Metazoa"
"ncbi","Myosides","Curculionidae","Coleoptera","Metazoa"
"ncbi","Myrmecina","Formicidae","Hymenoptera","Metazoa"
"ncbi","Myrmex","Curculionidae","Coleoptera","Metazoa"
"ncbi","Myrmica","Formicidae","Hymenoptera","Metazoa"
"ncbi","Myrmosa","Myrmosidae","Hymenoptera","Metazoa"
"ncbi","Mythimna","Noctuidae","Lepidoptera","Metazoa"
"ncbi","Nabidae","Nabidae","Hemiptera","Metazoa"
"ncbi","Nabis","Nabidae","Hemiptera","Metazoa"
"ncbi","Nacerdes","Oedemeridae","Coleoptera","Metazoa"
"ncbi","Nacophora","Geometridae","Lepidoptera","Metazoa"
"ncbi","Nadata","Notodontidae","Lepidoptera","Metazoa"
"ncbi","Neanura","Neanuridae","Poduromorpha","Metazoa"
"ncbi","Necrophila","Silphidae","Coleoptera","Metazoa"
"ncbi","Nehalennia","Coenagrionidae","Odonata","Metazoa"
"ncbi","Nematinae","Tenthredinidae","Hymenoptera","Metazoa"
"ncbi","Nematocera",NA,"Diptera","Metazoa"
"ncbi","Neobisnius","Staphylinidae","Coleoptera","Metazoa"
"ncbi","Neoclytus","Cerambycidae","Coleoptera","Metazoa"
"ncbi","Neoconocephalus","Tettigoniidae","Orthoptera","Metazoa"
"ncbi","Neoempheria","Mycetophilidae","Diptera","Metazoa"
"ncbi","Neogalerucella","Chrysomelidae","Coleoptera","Metazoa"
"ncbi","Neohecalus","Cicadellidae","Hemiptera","Metazoa"
"ncbi","Neohypnus","Staphylinidae","Coleoptera","Metazoa"
"ncbi","Neokolla","Cicadellidae","Hemiptera","Metazoa"
"ncbi","Neomida","Tenebrionidae","Coleoptera","Metazoa"
"ncbi","Neoneides","Berytidae","Hemiptera","Metazoa"
"ncbi","Neopamera","Rhyparochromidae","Hemiptera","Metazoa"
"ncbi","Neoplatyura","Keroplatidae","Diptera","Metazoa"
"ncbi","Neoscona","Araneidae","Araneae","Metazoa"
"ncbi","Neoxabea","Gryllidae","Orthoptera","Metazoa"
"ncbi","Nephelodes","Noctuidae","Lepidoptera","Metazoa"
"ncbi","Nephrotoma","Tipulidae","Diptera","Metazoa"
"ncbi","Nesovitrea","Oxychilidae","Stylommatophora","Metazoa"
"ncbi","Neurocolpus","Miridae","Hemiptera","Metazoa"
"ncbi","Nicrophorus","Silphidae","Coleoptera","Metazoa"
"ncbi","Nipponoserica","Scarabaeidae","Coleoptera","Metazoa"
"ncbi","Nitidulidae","Nitidulidae","Coleoptera","Metazoa"
"ncbi","Noctua","Noctuidae","Lepidoptera","Metazoa"
"ncbi","Nomada","Apidae","Hymenoptera","Metazoa"
"ncbi","Nomophila","Crambidae","Lepidoptera","Metazoa"
"ncbi","Nopoiulus","Blaniulidae","Julida","Metazoa"
"ncbi","Notiobia","Carabidae","Coleoptera","Metazoa"
"ncbi","Notiophilus","Carabidae","Coleoptera","Metazoa"
"ncbi","Notoxus","Anthicidae","Coleoptera","Metazoa"
"ncbi","Novisuccinea","Succineidae","Stylommatophora","Metazoa"
"ncbi","Nylanderia","Formicidae","Hymenoptera","Metazoa"
"ncbi","Nymphalis","Nymphalidae","Lepidoptera","Metazoa"
"ncbi","Nysson","Crabronidae","Hymenoptera","Metazoa"
"ncbi","Oberea","Cerambycidae","Coleoptera","Metazoa"
"ncbi","Ochlerotatus","Culicidae","Diptera","Metazoa"
"ncbi","Ochropleura","Noctuidae","Lepidoptera","Metazoa"
"ncbi","Ochthephilum","Staphylinidae","Coleoptera","Metazoa"
"ncbi","Ocypus","Staphylinidae","Coleoptera","Metazoa"
"ncbi","Odonteus","Bolboceratidae","Coleoptera","Metazoa"
"ncbi","Odontocorynus","Curculionidae","Coleoptera","Metazoa"
"ncbi","Odontomyia","Stratiomyidae","Diptera","Metazoa"
"ncbi","Odontota","Chrysomelidae","Coleoptera","Metazoa"
"ncbi","Oebalus","Pentatomidae","Hemiptera","Metazoa"
"ncbi","Oecanthus","Gryllidae","Orthoptera","Metazoa"
"ncbi","Oedancala","Pachygronthidae","Hemiptera","Metazoa"
"ncbi","Oliarus","Cixiidae","Hemiptera","Metazoa"
"ncbi","Olibrus","Phalacridae","Coleoptera","Metazoa"
"ncbi","Oligia","Noctuidae","Lepidoptera","Metazoa"
"ncbi","Oligomerus","Anobiidae","Coleoptera","Metazoa"
"ncbi","Oligota","Staphylinidae","Coleoptera","Metazoa"
"ncbi","Omalium","Staphylinidae","Coleoptera","Metazoa"
"ncbi","Omalus","Chrysididae","Hymenoptera","Metazoa"
"ncbi","Omosita","Nitidulidae","Coleoptera","Metazoa"
"ncbi","Oncopeltus","Lygaeidae","Hemiptera","Metazoa"
"ncbi","Oncopsis","Cicadellidae","Hemiptera","Metazoa"
"ncbi","Onichodon","Eucnemidae","Coleoptera","Metazoa"
"ncbi","Oniscus","Oniscidae","Isopoda","Metazoa"
"ncbi","Onthophagus","Scarabaeidae","Coleoptera","Metazoa"
"ncbi","Opatrinus","Tenebrionidae","Coleoptera","Metazoa"
"ncbi","Ophioninae","Ichneumonidae","Hymenoptera","Metazoa"
"ncbi","Ophonus","Carabidae","Coleoptera","Metazoa"
"ncbi","Ophraella","Chrysomelidae","Coleoptera","Metazoa"
"ncbi","Ophyiulus","Julidae","Julida","Metazoa"
"ncbi","Opiinae","Braconidae","Hymenoptera","Metazoa"
"ncbi","Orchelimum","Tettigoniidae","Orthoptera","Metazoa"
"ncbi","Orchesella","Orchesellidae","Entomobryomorpha","Metazoa"
"ncbi","Orchesia","Melandryidae","Coleoptera","Metazoa"
"ncbi","Orchestia","Talitridae","Amphipoda","Metazoa"
"ncbi","Oreta","Drepanidae","Lepidoptera","Metazoa"
"ncbi","Orfelia","Keroplatidae","Diptera","Metazoa"
"ncbi","Orientus","Cicadellidae","Hemiptera","Metazoa"
"ncbi","Orius","Anthocoridae","Hemiptera","Metazoa"
"ncbi","Orthaltica","Chrysomelidae","Coleoptera","Metazoa"
"ncbi","Orthonama","Geometridae","Lepidoptera","Metazoa"
"ncbi","Orthoperus","Corylophidae","Coleoptera","Metazoa"
"ncbi","Orthoptera",NA,"Orthoptera","Metazoa"
"ncbi","Orthosoma","Cerambycidae","Coleoptera","Metazoa"
"ncbi","Osbornellus","Cicadellidae","Hemiptera","Metazoa"
"ncbi","Osmia","Megachilidae","Hymenoptera","Metazoa"
"ncbi","Ostrinia","Crambidae","Lepidoptera","Metazoa"
"ncbi","Otiorhynchus","Curculionidae","Coleoptera","Metazoa"
"ncbi","Oxidus","Paradoxosomatidae","Polydesmida","Metazoa"
"ncbi","Oxybelus","Crabronidae","Hymenoptera","Metazoa"
"ncbi","Oxybleptes",NA,NA,NA
"ncbi","Oxychilus","Oxychilidae","Stylommatophora","Metazoa"
"ncbi","Oxypselaphus","Carabidae","Coleoptera","Metazoa"
"ncbi","Ozophora","Rhyparochromidae","Hemiptera","Metazoa"
"ncbi","Ozyptila","Thomisidae","Araneae","Metazoa"
"ncbi","Pachybrachius","Rhyparochromidae","Hemiptera","Metazoa"
"ncbi","Pachydiplax","Libellulidae","Odonata","Metazoa"
"ncbi","Pachygnatha","Tetragnathidae","Araneae","Metazoa"
"ncbi","Pachytychius","Curculionidae","Coleoptera","Metazoa"
"ncbi","Paectes","Euteliidae","Lepidoptera","Metazoa"
"ncbi","Pagasa","Nabidae","Hemiptera","Metazoa"
"ncbi","Pallodes","Nitidulidae","Coleoptera","Metazoa"
"ncbi","Palthis","Erebidae","Lepidoptera","Metazoa"
"ncbi","Pangaeus","Cydnidae","Hemiptera","Metazoa"
"ncbi","Pangrapta","Erebidae","Lepidoptera","Metazoa"
"ncbi","Panopoda","Noctuidae","Lepidoptera","Metazoa"
"ncbi","Panorpa","Panorpidae","Mecoptera","Metazoa"
"ncbi","Panorpidae","Panorpidae","Mecoptera","Metazoa"
"ncbi","Pantala","Libellulidae","Odonata","Metazoa"
"ncbi","Panthea","Noctuidae","Lepidoptera","Metazoa"
"ncbi","Paonias","Sphingidae","Lepidoptera","Metazoa"
"ncbi","Papaipema","Noctuidae","Lepidoptera","Metazoa"
"ncbi","Papilio","Papilionidae","Lepidoptera","Metazoa"
"ncbi","Parabrochymena","Pentatomidae","Hemiptera","Metazoa"
"ncbi","Parancistrocerus","Vespidae","Hymenoptera","Metazoa"
"ncbi","Parandra","Cerambycidae","Coleoptera","Metazoa"
"ncbi","Paraphlepsius","Cicadellidae","Hemiptera","Metazoa"
"ncbi","Paraulacizes","Cicadellidae","Hemiptera","Metazoa"
"ncbi","Paraxenetus","Miridae","Hemiptera","Metazoa"
"ncbi","Parcoblatta","Ectobiidae","Blattodea","Metazoa"
"ncbi","Pardosa","Lycosidae","Araneae","Metazoa"
"ncbi","Paria","Chrysomelidae","Coleoptera","Metazoa"
"ncbi","Parisotoma","Isotomidae","Entomobryomorpha","Metazoa"
"ncbi","Passaloecus","Crabronidae","Hymenoptera","Metazoa"
"ncbi","Patalene","Geometridae","Lepidoptera","Metazoa"
"ncbi","Patrobus","Carabidae","Coleoptera","Metazoa"
"ncbi","Pediasia","Crambidae","Lepidoptera","Metazoa"
"ncbi","Pelegrina","Salticidae","Araneae","Metazoa"
"ncbi","Pemphredon","Crabronidae","Hymenoptera","Metazoa"
"ncbi","Pendarus","Cicadellidae","Hemiptera","Metazoa"
"ncbi","Pentacora","Saldidae","Hemiptera","Metazoa"
"ncbi","Pentatomidae","Pentatomidae","Hemiptera","Metazoa"
"ncbi","Perapion","Apionidae","Coleoptera","Metazoa"
"ncbi","Peridea","Notodontidae","Lepidoptera","Metazoa"
"ncbi","Perigaster",NA,NA,NA
"ncbi","Perigona","Carabidae","Coleoptera","Metazoa"
"ncbi","Perilampidae","Perilampidae","Hymenoptera","Metazoa"
"ncbi","Perillus","Pentatomidae","Hemiptera","Metazoa"
"ncbi","Peritrechus","Rhyparochromidae","Hemiptera","Metazoa"
"ncbi","Pero","Geometridae","Lepidoptera","Metazoa"
"ncbi","Peyritschiella","Laboulbeniaceae","Laboulbeniales","Fungi"
"ncbi","Phaedon","Chrysomelidae","Coleoptera","Metazoa"
"ncbi","Phaenicia","Calliphoridae","Diptera","Metazoa"
"ncbi","Phalacridae","Phalacridae","Coleoptera","Metazoa"
"ncbi","Phalaenostola","Erebidae","Lepidoptera","Metazoa"
"ncbi","Phalangium","Phalangiidae","Opiliones","Metazoa"
"ncbi","Phaleria","Tenebrionidae","Coleoptera","Metazoa"
"ncbi","Phanerota","Staphylinidae","Coleoptera","Metazoa"
"ncbi","Phanerotoma","Braconidae","Hymenoptera","Metazoa"
"ncbi","Phenolia","Nitidulidae","Coleoptera","Metazoa"
"ncbi","Pheosia","Notodontidae","Lepidoptera","Metazoa"
"ncbi","Philaenus","Aphrophoridae","Hemiptera","Metazoa"
"ncbi","Philanthus","Crabronidae","Hymenoptera","Metazoa"
"ncbi","Philonthus","Staphylinidae","Coleoptera","Metazoa"
"ncbi","Philoscia","Philosciidae","Isopoda","Metazoa"
"ncbi","Phlegyas","Pachygronthidae","Hemiptera","Metazoa"
"ncbi","Phloeophagus","Curculionidae","Coleoptera","Metazoa"
"ncbi","Phloeotrya","Melandryidae","Coleoptera","Metazoa"
"ncbi","Phoridae","Phoridae","Diptera","Metazoa"
"ncbi","Phormia","Calliphoridae","Diptera","Metazoa"
"ncbi","Phosphila","Noctuidae","Lepidoptera","Metazoa"
"ncbi","Photinus","Lampyridae","Coleoptera","Metazoa"
"ncbi","Photuris","Lampyridae","Coleoptera","Metazoa"
"ncbi","Phronia","Mycetophilidae","Diptera","Metazoa"
"ncbi","Phrurotimpus","Corinnidae","Araneae","Metazoa"
"ncbi","Phyciodes","Nymphalidae","Lepidoptera","Metazoa"
"ncbi","Phyllobaenus","Cleridae","Coleoptera","Metazoa"
"ncbi","Phyllobrotica","Chrysomelidae","Coleoptera","Metazoa"
"ncbi","Phyllophaga","Scarabaeidae","Coleoptera","Metazoa"
"ncbi","Phyllotreta","Chrysomelidae","Coleoptera","Metazoa"
"ncbi","Phymata","Phymatidae","Hemiptera","Metazoa"
"ncbi","Phytocoris","Miridae","Hemiptera","Metazoa"
"ncbi","Phyxelis","Curculionidae","Coleoptera","Metazoa"
"ncbi","Pieris","Pieridae","Lepidoptera","Metazoa"
"ncbi","Pimplinae","Ichneumonidae","Hymenoptera","Metazoa"
"ncbi","Piophilidae","Piophilidae","Diptera","Metazoa"
"ncbi","Pipiza","Syrphidae","Diptera","Metazoa"
"ncbi","Pirata","Lycosidae","Araneae","Metazoa"
"ncbi","Pityophthorus","Curculionidae","Coleoptera","Metazoa"
"ncbi","Placonotus","Laemophloeidae","Coleoptera","Metazoa"
"ncbi","Placopterus","Cleridae","Coleoptera","Metazoa"
"ncbi","Plagiodera","Chrysomelidae","Coleoptera","Metazoa"
"ncbi","Plagiometriona","Chrysomelidae","Coleoptera","Metazoa"
"ncbi","Plathemis","Libellulidae","Odonata","Metazoa"
"ncbi","Platorchestia","Talitridae","Amphipoda","Metazoa"
"ncbi","Platurocypta","Mycetophilidae","Diptera","Metazoa"
"ncbi","Platycheirus","Syrphidae","Diptera","Metazoa"
"ncbi","Platydema","Tenebrionidae","Coleoptera","Metazoa"
"ncbi","Platydracus","Staphylinidae","Coleoptera","Metazoa"
"ncbi","Platynus","Carabidae","Coleoptera","Metazoa"
"ncbi","Poanes","Hesperiidae","Lepidoptera","Metazoa"
"ncbi","Podabrus","Cantharidae","Coleoptera","Metazoa"
"ncbi","Podisus","Pentatomidae","Hemiptera","Metazoa"
"ncbi","Poecilocapsus","Miridae","Hemiptera","Metazoa"
"ncbi","Poecilus","Carabidae","Coleoptera","Metazoa"
"ncbi","Pogonognathellus","Tomoceridae","Entomobryomorpha","Metazoa"
"ncbi","Polistes","Vespidae","Hymenoptera","Metazoa"
"ncbi","Polites","Hesperiidae","Lepidoptera","Metazoa"
"ncbi","Polydesmus","Polydesmidae","Polydesmida","Metazoa"
"ncbi","Polydrusus","Curculionidae","Coleoptera","Metazoa"
"ncbi","Polygonia","Nymphalidae","Lepidoptera","Metazoa"
"ncbi","Polymerus","Miridae","Hemiptera","Metazoa"
"ncbi","Polyxenus","Polyxenidae","Polyxenida","Metazoa"
"ncbi","Ponana","Cicadellidae","Hemiptera","Metazoa"
"ncbi","Ponera","Formicidae","Hymenoptera","Metazoa"
"ncbi","Popillia","Scarabaeidae","Coleoptera","Metazoa"
"ncbi","Porcellio","Porcellionidae","Isopoda","Metazoa"
"ncbi","Prenolepis","Formicidae","Hymenoptera","Metazoa"
"ncbi","Prepops","Miridae","Hemiptera","Metazoa"
"ncbi","Prescottia","Cicadellidae","Hemiptera","Metazoa"
"ncbi","Priocnemis","Pompilidae","Hymenoptera","Metazoa"
"ncbi","Priocnessus","Pompilidae","Hymenoptera","Metazoa"
"ncbi","Prionochaeta","Leiodidae","Coleoptera","Metazoa"
"ncbi","Prionocyphon","Scirtidae","Coleoptera","Metazoa"
"ncbi","Prionus","Cerambycidae","Coleoptera","Metazoa"
"ncbi","Prionyx","Sphecidae","Hymenoptera","Metazoa"
"ncbi","Pristocera","Bethylidae","Hymenoptera","Metazoa"
"ncbi","Prochoerodes","Geometridae","Lepidoptera","Metazoa"
"ncbi","Procotrupidae",NA,NA,NA
"ncbi","Proctacanthus","Asilidae","Diptera","Metazoa"
"ncbi","Proctotrupoidea",NA,"Hymenoptera","Metazoa"
"ncbi","Prolimacodes","Limacodidae","Lepidoptera","Metazoa"
"ncbi","Propylaea","Coccinellidae","Coleoptera","Metazoa"
"ncbi","Prosapia","Cercopidae","Hemiptera","Metazoa"
"ncbi","Proteinus","Staphylinidae","Coleoptera","Metazoa"
"ncbi","Proteroiulus","Blaniulidae","Julida","Metazoa"
"ncbi","Protheca","Anobiidae","Coleoptera","Metazoa"
"ncbi","Protodeltote","Noctuidae","Lepidoptera","Metazoa"
"ncbi","Protomognathus","Formicidae","Hymenoptera","Metazoa"
"ncbi","Proxenus","Noctuidae","Lepidoptera","Metazoa"
"ncbi","Psallus","Miridae","Hemiptera","Metazoa"
"ncbi","Psammotettix","Cicadellidae","Hemiptera","Metazoa"
"ncbi","Pselaphus","Staphylinidae","Coleoptera","Metazoa"
"ncbi","Psenocerus","Cerambycidae","Coleoptera","Metazoa"
"ncbi","Psenulus","Crabronidae","Hymenoptera","Metazoa"
"ncbi","Pseudanostirus","Elateridae","Coleoptera","Metazoa"
"ncbi","Pseudanthonomus","Curculionidae","Coleoptera","Metazoa"
"ncbi","Pseudeustrotia","Noctuidae","Lepidoptera","Metazoa"
"ncbi","Pseudisobrachium","Bethylidae","Hymenoptera","Metazoa"
"ncbi","Pseudohermonassa","Noctuidae","Lepidoptera","Metazoa"
"ncbi","Pseudolucanus",NA,NA,NA
"ncbi","Pseudomethoca","Mutillidae","Hymenoptera","Metazoa"
"ncbi","Pseudopentarthrum",NA,NA,NA
"ncbi","Pseudoscorpiones",NA,"Pseudoscorpiones","Metazoa"
"ncbi","Psinidia","Acrididae","Orthoptera","Metazoa"
"ncbi","Psocoptera",NA,"Psocoptera","Metazoa"
"ncbi","Psylliodes","Chrysomelidae","Coleoptera","Metazoa"
"ncbi","Psyllobora","Coccinellidae","Coleoptera","Metazoa"
"ncbi","Pteromalidae","Pteromalidae","Hymenoptera","Metazoa"
"ncbi","Pterostichus","Carabidae","Coleoptera","Metazoa"
"ncbi","Ptiliidae","Ptiliidae","Coleoptera","Metazoa"
"ncbi","Ptilodactyla","Ptilodactylidae","Coleoptera","Metazoa"
"ncbi","Ptilodactylidae","Ptilodactylidae","Coleoptera","Metazoa"
"ncbi","Ptilohyale",NA,NA,NA
"ncbi","Punctum","Punctidae","Stylommatophora","Metazoa"
"ncbi","Pupilla","Pupillidae","Stylommatophora","Metazoa"
"ncbi","Pyramica","Formicidae","Hymenoptera","Metazoa"
"ncbi","Pyrrharctia","Erebidae","Lepidoptera","Metazoa"
"ncbi","Quedius","Staphylinidae","Coleoptera","Metazoa"
"ncbi","Raphia","Noctuidae","Lepidoptera","Metazoa"
"ncbi","Reduviidae","Reduviidae","Hemiptera","Metazoa"
"ncbi","Reichenbachia","Staphylinidae","Coleoptera","Metazoa"
"ncbi","Rhabdopterus","Chrysomelidae","Coleoptera","Metazoa"
"ncbi","Rhagionidae","Rhagionidae","Diptera","Metazoa"
"ncbi","Rhagonycha","Cantharidae","Coleoptera","Metazoa"
"ncbi","Rheumaptera","Geometridae","Lepidoptera","Metazoa"
"ncbi","Rhinoncus","Curculionidae","Coleoptera","Metazoa"
"ncbi","Rhinophoridae","Rhinophoridae","Diptera","Metazoa"
"ncbi","Rhizophagus","Monotomidae","Coleoptera","Metazoa"
"ncbi","Rhopalidae","Rhopalidae","Hemiptera","Metazoa"
"ncbi","Rhopalum","Crabronidae","Hymenoptera","Metazoa"
"ncbi","Rhyparochromidae","Rhyparochromidae","Hemiptera","Metazoa"
"ncbi","Rhyssinae","Ichneumonidae","Hymenoptera","Metazoa"
"ncbi","Rhyssomatus","Curculionidae","Coleoptera","Metazoa"
"ncbi","Rondaniella","Mycetophilidae","Diptera","Metazoa"
"ncbi","Rugilus","Staphylinidae","Coleoptera","Metazoa"
"ncbi","Saldula","Saldidae","Hemiptera","Metazoa"
"ncbi","Sapintus","Anthicidae","Coleoptera","Metazoa"
"ncbi","Sarcophagidae","Sarcophagidae","Diptera","Metazoa"
"ncbi","Saucrobotys","Crambidae","Lepidoptera","Metazoa"
"ncbi","Scaphoideus","Cicadellidae","Hemiptera","Metazoa"
"ncbi","Scaphytopius","Cicadellidae","Hemiptera","Metazoa"
"ncbi","Scarites","Carabidae","Coleoptera","Metazoa"
"ncbi","Scelionidae","Scelionidae","Hymenoptera","Metazoa"
"ncbi","Sceliphron","Sphecidae","Hymenoptera","Metazoa"
"ncbi","Sceptonia","Mycetophilidae","Diptera","Metazoa"
"ncbi","Schizura","Notodontidae","Lepidoptera","Metazoa"
"ncbi","Schoenobius","Crambidae","Lepidoptera","Metazoa"
"ncbi","Sciaphilus","Curculionidae","Coleoptera","Metazoa"
"ncbi","Sciaridae","Sciaridae","Diptera","Metazoa"
"ncbi","Sciodrepoides","Leiodidae","Coleoptera","Metazoa"
"ncbi","Sciomyzidae","Sciomyzidae","Diptera","Metazoa"
"ncbi","Sciophila","Mycetophilidae","Diptera","Metazoa"
"ncbi","Sciota","Pyralidae","Lepidoptera","Metazoa"
"ncbi","Scirtes","Scirtidae","Coleoptera","Metazoa"
"ncbi","Scirtidae","Scirtidae","Coleoptera","Metazoa"
"ncbi","Sclerocona","Crambidae","Lepidoptera","Metazoa"
"ncbi","Scolopostethus","Rhyparochromidae","Hemiptera","Metazoa"
"ncbi","Scolops","Dictyopharidae","Hemiptera","Metazoa"
"ncbi","Scolytus","Curculionidae","Coleoptera","Metazoa"
"ncbi","Scopaeus","Staphylinidae","Coleoptera","Metazoa"
"ncbi","Scopula","Geometridae","Lepidoptera","Metazoa"
"ncbi","Scudderia","Tettigoniidae","Orthoptera","Metazoa"
"ncbi","Scydmaenidae","Staphylinidae","Coleoptera","Metazoa"
"ncbi","Scymnus","Coccinellidae","Coleoptera","Metazoa"
"ncbi","Selenophorus","Carabidae","Coleoptera","Metazoa"
"ncbi","Sepedophilus","Staphylinidae","Coleoptera","Metazoa"
"ncbi","Serica","Scarabaeidae","Coleoptera","Metazoa"
"ncbi","Sericoderus","Corylophidae","Coleoptera","Metazoa"
"ncbi","Sericomyia","Syrphidae","Diptera","Metazoa"
"ncbi","Sierolomorpha","Sierolomorphidae","Hymenoptera","Metazoa"
"ncbi","Silvanidae","Silvanidae","Coleoptera","Metazoa"
"ncbi","Simyra","Noctuidae","Lepidoptera","Metazoa"
"ncbi","Sitona","Curculionidae","Coleoptera","Metazoa"
"ncbi","Smicronyx","Erirhinidae","Coleoptera","Metazoa"
"ncbi","Sminthurinus","Katiannidae","Symphypleona","Metazoa"
"ncbi","Sminthurus","Sminthuridae","Symphypleona","Metazoa"
"ncbi","Solenopsis","Formicidae","Hymenoptera","Metazoa"
"ncbi","Solierella","Crabronidae","Hymenoptera","Metazoa"
"ncbi","Solva","Xylomyidae","Diptera","Metazoa"
"ncbi","Somatochlora","Corduliidae","Odonata","Metazoa"
"ncbi","Somula","Syrphidae","Diptera","Metazoa"
"ncbi","Sorhoanus","Cicadellidae","Hemiptera","Metazoa"
"ncbi","Sparganothis","Tortricidae","Lepidoptera","Metazoa"
"ncbi","Spathius","Braconidae","Hymenoptera","Metazoa"
"ncbi","Sphaeroderus","Carabidae","Coleoptera","Metazoa"
"ncbi","Sphaerophoria","Syrphidae","Diptera","Metazoa"
"ncbi","Spharagemon","Acrididae","Orthoptera","Metazoa"
"ncbi","Sphecius","Crabronidae","Hymenoptera","Metazoa"
"ncbi","Sphecodes","Halictidae","Hymenoptera","Metazoa"
"ncbi","Sphenophorus","Curculionidae","Coleoptera","Metazoa"
"ncbi","Sphex","Sphecidae","Hymenoptera","Metazoa"
"ncbi","Sphindus","Sphindidae","Coleoptera","Metazoa"
"ncbi","Sphodros","Atypidae","Araneae","Metazoa"
"ncbi","Spilomyia","Syrphidae","Diptera","Metazoa"
"ncbi","Spilosoma","Erebidae","Lepidoptera","Metazoa"
"ncbi","Spoladea","Crambidae","Lepidoptera","Metazoa"
"ncbi","Staphylinidae","Staphylinidae","Coleoptera","Metazoa"
"ncbi","Statira","Tenebrionidae","Coleoptera","Metazoa"
"ncbi","Stelidota","Nitidulidae","Coleoptera","Metazoa"
"ncbi","Stelis","Megachilidae","Hymenoptera","Metazoa"
"ncbi","Stenamma","Formicidae","Hymenoptera","Metazoa"
"ncbi","Stenichnus","Staphylinidae","Coleoptera","Metazoa"
"ncbi","Stenodema","Miridae","Hemiptera","Metazoa"
"ncbi","Stenodynerus","Vespidae","Hymenoptera","Metazoa"
"ncbi","Stenolophus","Carabidae","Coleoptera","Metazoa"
"ncbi","Stenoscelis","Curculionidae","Coleoptera","Metazoa"
"ncbi","Stenotarsus","Endomychidae","Coleoptera","Metazoa"
"ncbi","Stenotus","Miridae","Hemiptera","Metazoa"
"ncbi","Stenus","Staphylinidae","Coleoptera","Metazoa"
"ncbi","Sternidius","Cerambycidae","Coleoptera","Metazoa"
"ncbi","Stichomyces",NA,NA,NA
"ncbi","Stilbus","Phalacridae","Coleoptera","Metazoa"
"ncbi","Strangalia","Cerambycidae","Coleoptera","Metazoa"
"ncbi","Striatura","Zonitidae","Stylommatophora","Metazoa"
"ncbi","Strigoderma","Scarabaeidae","Coleoptera","Metazoa"
"ncbi","Strobilops","Strobilopsidae","Stylommatophora","Metazoa"
"ncbi","Strophosoma","Curculionidae","Coleoptera","Metazoa"
"ncbi","Stygnocoris","Rhyparochromidae","Hemiptera","Metazoa"
"ncbi","Sumitrosis","Chrysomelidae","Coleoptera","Metazoa"
"ncbi","Sunira","Noctuidae","Lepidoptera","Metazoa"
"ncbi","Sylvanelater","Elateridae","Coleoptera","Metazoa"
"ncbi","Sympetrum","Libellulidae","Odonata","Metazoa"
"ncbi","Synapha","Mycetophilidae","Diptera","Metazoa"
"ncbi","Synchroa","Synchroidae","Coleoptera","Metazoa"
"ncbi","Synchroidae","Synchroidae","Coleoptera","Metazoa"
"ncbi","Syntomus","Carabidae","Coleoptera","Metazoa"
"ncbi","Synuchus","Carabidae","Coleoptera","Metazoa"
"ncbi","Syritta","Syrphidae","Diptera","Metazoa"
"ncbi","Syrphidae","Syrphidae","Diptera","Metazoa"
"ncbi","Syrphus","Syrphidae","Diptera","Metazoa"
"ncbi","Tabanidae","Tabanidae","Diptera","Metazoa"
"ncbi","Tabanus","Tabanidae","Diptera","Metazoa"
"ncbi","Tachinidae","Tachinidae","Diptera","Metazoa"
"ncbi","Tachinus","Staphylinidae","Coleoptera","Metazoa"
"ncbi","Tachypompilus","Pompilidae","Hymenoptera","Metazoa"
"ncbi","Tachyporus","Staphylinidae","Coleoptera","Metazoa"
"ncbi","Tachysphex","Crabronidae","Hymenoptera","Metazoa"
"ncbi","Tachyta","Carabidae","Coleoptera","Metazoa"
"ncbi","Tachytes","Crabronidae","Hymenoptera","Metazoa"
"ncbi","Taeniaptera","Micropezidae","Diptera","Metazoa"
"ncbi","Tapinoma","Formicidae","Hymenoptera","Metazoa"
"ncbi","Tarpela",NA,NA,NA
"ncbi","Tasgius","Staphylinidae","Coleoptera","Metazoa"
"ncbi","Tectosternum","Hydrophilidae","Coleoptera","Metazoa"
"ncbi","Telamona","Membracidae","Hemiptera","Metazoa"
"ncbi","Telephanus","Silvanidae","Coleoptera","Metazoa"
"ncbi","Temnostoma","Syrphidae","Diptera","Metazoa"
"ncbi","Temnothorax","Formicidae","Hymenoptera","Metazoa"
"ncbi","Tenebroides","Trogossitidae","Coleoptera","Metazoa"
"ncbi","Tenodera","Mantidae","Mantodea","Metazoa"
"ncbi","Tenomerga","Cupedidae","Coleoptera","Metazoa"
"ncbi","Tenthredinidae","Tenthredinidae","Hymenoptera","Metazoa"
"ncbi","Teratomyces","Laboulbeniaceae","Laboulbeniales","Fungi"
"ncbi","Tetracis","Geometridae","Lepidoptera","Metazoa"
"ncbi","Tetragoneura","Mycetophilidae","Diptera","Metazoa"
"ncbi","Tetramorium","Formicidae","Hymenoptera","Metazoa"
"ncbi","Tetraopes","Cerambycidae","Coleoptera","Metazoa"
"ncbi","Tetrix","Tetrigidae","Orthoptera","Metazoa"
"ncbi","Texananus","Cicadellidae","Hemiptera","Metazoa"
"ncbi","Thalassisobates","Nemasomatidae","Julida","Metazoa"
"ncbi","Thelia","Membracidae","Hemiptera","Metazoa"
"ncbi","Therevidae","Therevidae","Diptera","Metazoa"
"ncbi","Therion","Ichneumonidae","Hymenoptera","Metazoa"
"ncbi","Thomisidae","Thomisidae","Araneae","Metazoa"
"ncbi","Throscidae","Throscidae","Coleoptera","Metazoa"
"ncbi","Thyanta","Pentatomidae","Hemiptera","Metazoa"
"ncbi","Thymalus","Thymalidae","Coleoptera","Metazoa"
"ncbi","Thymelicus","Hesperiidae","Lepidoptera","Metazoa"
"ncbi","Thysanoptera",NA,"Thysanoptera","Metazoa"
"ncbi","Tibellus","Philodromidae","Araneae","Metazoa"
"ncbi","Tibicen","Cicadidae","Hemiptera","Metazoa"
"ncbi","Timulla","Mutillidae","Hymenoptera","Metazoa"
"ncbi","Tingidae","Tingidae","Hemiptera","Metazoa"
"ncbi","Tiphia","Tiphiidae","Hymenoptera","Metazoa"
"ncbi","Tipulidae","Tipulidae","Diptera","Metazoa"
"ncbi","Tomarus","Scarabaeidae","Coleoptera","Metazoa"
"ncbi","Tomoxia","Mordellidae","Coleoptera","Metazoa"
"ncbi","Toramus","Erotylidae","Coleoptera","Metazoa"
"ncbi","Toxidium",NA,NA,NA
"ncbi","Toxomerus","Syrphidae","Diptera","Metazoa"
"ncbi","Trachelas","Corinnidae","Araneae","Metazoa"
"ncbi","Trachelipus","Trachelipodidae","Isopoda","Metazoa"
"ncbi","Trachyphloeus","Curculionidae","Coleoptera","Metazoa"
"ncbi","Tramea","Libellulidae","Odonata","Metazoa"
"ncbi","Tremex","Siricidae","Hymenoptera","Metazoa"
"ncbi","Trichiotinus","Scarabaeidae","Coleoptera","Metazoa"
"ncbi","Trichodesma","Anobiidae","Coleoptera","Metazoa"
"ncbi","Tricholita","Noctuidae","Lepidoptera","Metazoa"
"ncbi","Trichoniscinae",NA,NA,NA
"ncbi","Trichonta","Mycetophilidae","Diptera","Metazoa"
"ncbi","Trichopepla","Pentatomidae","Hemiptera","Metazoa"
"ncbi","Trichoplusia","Noctuidae","Lepidoptera","Metazoa"
"ncbi","Trichoptera",NA,"Trichoptera","Metazoa"
"ncbi","Trichotichnus","Carabidae","Coleoptera","Metazoa"
"ncbi","Triepeolus","Apidae","Hymenoptera","Metazoa"
"ncbi","Trigonorhinus","Anthribidae","Coleoptera","Metazoa"
"ncbi","Trigonotylus","Miridae","Hemiptera","Metazoa"
"ncbi","Triplax","Erotylidae","Coleoptera","Metazoa"
"ncbi","Tritoma","Erotylidae","Coleoptera","Metazoa"
"ncbi","Trixagus","Throscidae","Coleoptera","Metazoa"
"ncbi","Trochosa","Lycosidae","Araneae","Metazoa"
"ncbi","Trogossitidae","Trogossitidae","Coleoptera","Metazoa"
"ncbi","Tropidia","Syrphidae","Diptera","Metazoa"
"ncbi","Trox","Trogidae","Coleoptera","Metazoa"
"ncbi","Trypoxylon","Crabronidae","Hymenoptera","Metazoa"
"ncbi","Tychius","Curculionidae","Coleoptera","Metazoa"
"ncbi","Tyloderma","Curculionidae","Coleoptera","Metazoa"
"ncbi","Tymnes","Chrysomelidae","Coleoptera","Metazoa"
"ncbi","Typhaea","Mycetophagidae","Coleoptera","Metazoa"
"ncbi","Typhlocynbinae",NA,NA,NA
"ncbi","Typocerus","Cerambycidae","Coleoptera","Metazoa"
"ncbi","Udea","Crambidae","Lepidoptera","Metazoa"
"ncbi","Ulidiidae","Ulidiidae","Diptera","Metazoa"
"ncbi","Uranotaenia","Culicidae","Diptera","Metazoa"
"ncbi","Urgleptes","Cerambycidae","Coleoptera","Metazoa"
"ncbi","Urographis","Cerambycidae","Coleoptera","Metazoa"
"ncbi","Urola","Crambidae","Lepidoptera","Metazoa"
"ncbi","Vallonia","Valloniidae","Stylommatophora","Metazoa"
"ncbi","Vanessa","Nymphalidae","Lepidoptera","Metazoa"
"ncbi","Vertigo","Vertiginidae","Stylommatophora","Metazoa"
"ncbi","Vespula","Vespidae","Hymenoptera","Metazoa"
"ncbi","Virbia","Erebidae","Lepidoptera","Metazoa"
"ncbi","Xanthia","Noctuidae","Lepidoptera","Metazoa"
"ncbi","Xantholinus","Staphylinidae","Coleoptera","Metazoa"
"ncbi","Xestia","Noctuidae","Lepidoptera","Metazoa"
"ncbi","Xestocephalus","Cicadellidae","Hemiptera","Metazoa"
"ncbi","Xestonotus",NA,NA,NA
"ncbi","Xiphydria","Xiphydriidae","Hymenoptera","Metazoa"
"ncbi","Xyleborinus","Curculionidae","Coleoptera","Metazoa"
"ncbi","Xyleborus","Curculionidae","Coleoptera","Metazoa"
"ncbi","Xylocopa","Apidae","Hymenoptera","Metazoa"
"ncbi","Xylopinus","Tenebrionidae","Coleoptera","Metazoa"
"ncbi","Xylosandrus","Curculionidae","Coleoptera","Metazoa"
"ncbi","Xylota","Syrphidae","Diptera","Metazoa"
"ncbi","Xyloterinus","Curculionidae","Coleoptera","Metazoa"
"ncbi","Xylotrechus","Cerambycidae","Coleoptera","Metazoa"
"ncbi","Xysticus","Thomisidae","Araneae","Metazoa"
"ncbi","Yakuhananomia",NA,NA,NA
"ncbi","Yponomeuta","Yponomeutidae","Lepidoptera","Metazoa"
"ncbi","Zale","Erebidae","Lepidoptera","Metazoa"
"ncbi","Zanclognatha","Erebidae","Lepidoptera","Metazoa"
"ncbi","Zelotes","Gnaphosidae","Araneae","Metazoa"
"ncbi","Zeuzera","Cossidae","Lepidoptera","Metazoa"
"ncbi","Zonantes","Aderidae","Coleoptera","Metazoa"
"ncbi","Zonitoides","Gastrodontidae","Stylommatophora","Metazoa"
"ncbi","Zygomyia","Mycetophilidae","Diptera","Metazoa"
"ncbi","Zygoptera",NA,"Odonata","Metazoa"
